section_name,difficulty,question_text
"মোবাইল/ট্যাব চালু, লক-আনলক ও অ্যাপে লগইন",easy,ফোনটি সম্পূর্ণ বন্ধ করে আবার চালু করুন।
"মোবাইল/ট্যাব চালু, লক-আনলক ও অ্যাপে লগইন",easy,স্ক্রিন লক করুন এবং পিন/প্যাটার্ন/পাসওয়ার্ড দিয়ে আনলক করে দেখান।
"মোবাইল/ট্যাব চালু, লক-আনলক ও অ্যাপে লগইন",easy,স্ক্রিন ব্রাইটনেস কমিয়ে-বাড়িয়ে ও ভলিউম পরিবর্তন করে দেখান।
"মোবাইল/ট্যাব চালু, লক-আনলক ও অ্যাপে লগইন",easy,এয়ারপ্লেন মোড চালু করে আবার বন্ধ করুন।
"মোবাইল/ট্যাব চালু, লক-আনলক ও অ্যাপে লগইন",easy,একটি স্ক্রিনশট নিয়ে গ্যালারিতে খুঁজে বের করুন।
"মোবাইল/ট্যাব চালু, লক-আনলক ও অ্যাপে লগইন",easy,মোবাইলের তারিখ ও সময় ঠিক আছে কিনা যাচাই করুন।
"মোবাইল/ট্যাব চালু, লক-আনলক ও অ্যাপে লগইন",easy,সাইলেন্ট/ভাইব্রেট মোড চালু করে দেখান।
"মোবাইল/ট্যাব চালু, লক-আনলক ও অ্যাপে লগইন",easy,ফ্ল্যাশলাইট (টর্চ) চালু ও বন্ধ করে দেখান।
"মোবাইল/ট্যাব চালু, লক-আনলক ও অ্যাপে লগইন",easy,স্ক্রিন রোটেশন (Auto-Rotate) চালু/বন্ধ করে দেখান।
"মোবাইল/ট্যাব চালু, লক-আনলক ও অ্যাপে লগইন",easy,ব্যাটারি পার্সেন্টেজ দেখানোর অপশন চালু করে দেখান।
"মোবাইল/ট্যাব চালু, লক-আনলক ও অ্যাপে লগইন",medium,সিম-১-এর মোবাইল ডেটা বন্ধ করে সিম-২-এর ডেটা চালু করে দেখান।
"মোবাইল/ট্যাব চালু, লক-আনলক ও অ্যাপে লগইন",medium,মোবাইল ডেটা বন্ধ রেখে ওয়াই-ফাই পাসওয়ার্ড দিয়ে ইন্টারনেট সংযোগ দিন।
"মোবাইল/ট্যাব চালু, লক-আনলক ও অ্যাপে লগইন",medium,সুমারি অ্যাপটি খুঁজে বের করে ওপেন করে প্রদত্ত ইউজারনেম/পাসওয়ার্ড দিয়ে লগইন করুন।
"মোবাইল/ট্যাব চালু, লক-আনলক ও অ্যাপে লগইন",medium,অ্যাপ থেকে লগআউট করে আবার লগইন করে দেখান।
"মোবাইল/ট্যাব চালু, লক-আনলক ও অ্যাপে লগইন",medium,মোবাইল হটস্পট চালু করে অন্য একটি ডিভাইস সংযুক্ত করে দেখান।
"মোবাইল/ট্যাব চালু, লক-আনলক ও অ্যাপে লগইন",medium,প্লে স্টোরে গিয়ে অ্যাপটির কোনো আপডেট আছে কি না যাচাই করুন।
"মোবাইল/ট্যাব চালু, লক-আনলক ও অ্যাপে লগইন",medium,সেটিংস থেকে অ্যাপের ক্যামেরা ও লোকেশন পারমিশন চালু আছে কিনা যাচাই করুন।
"মোবাইল/ট্যাব চালু, লক-আনলক ও অ্যাপে লগইন",medium,ব্লুটুথ চালু করে একটি ডিভাইস Pair করে দেখান।
"মোবাইল/ট্যাব চালু, লক-আনলক ও অ্যাপে লগইন",medium,মোবাইল ডেটার সীমা (Data Limit) সেট করার জায়গা কোথায় তা বের করে দেখান।
"মোবাইল/ট্যাব চালু, লক-আনলক ও অ্যাপে লগইন",medium,কোনো একটি স্পিড টেস্ট ওয়েবসাইট খুলে ইন্টারনেটের গতি পরীক্ষা করে দেখান।
"মোবাইল/ট্যাব চালু, লক-আনলক ও অ্যাপে লগইন",medium,এই ফোনে থাকা 'Attendance' নামের একটি অ্যাপে ইউজার আইডি ও পাসওয়ার্ড দিয়ে লগইন করুন; লগইন না হলে সমস্যাটি কীভাবে সমাধান করবেন তা বলুন।
"মোবাইল/ট্যাব চালু, লক-আনলক ও অ্যাপে লগইন",hard,অ্যাপ লগইন করার সময় নেটওয়ার্ক এরর দেখাচ্ছে — সমস্যাটি সমাধান করে দেখান।
"মোবাইল/ট্যাব চালু, লক-আনলক ও অ্যাপে লগইন",hard,"ব্যাটারি মাত্র ১৫% আছে, কিন্তু আরও ১ ঘণ্টা কাজ করা বাকি — ফোন বন্ধ না হওয়ার জন্য আপনি কী কী পদক্ষেপ নেবেন?"
"মোবাইল/ট্যাব চালু, লক-আনলক ও অ্যাপে লগইন",hard,অ্যাপ হঠাৎ ক্র্যাশ/হ্যাং করলে ফোর্স-স্টপ করে পুনরায় সচল করে দেখান।
"মোবাইল/ট্যাব চালু, লক-আনলক ও অ্যাপে লগইন",hard,"মোবাইল রিস্টার্ট দেওয়ার পর অ্যাপ স্বয়ংক্রিয়ভাবে লগইন অবস্থায় আছে কিনা যাচাই করে, না থাকলে দ্রুত পুনরায় লগইন করে দেখান।"
"মোবাইল/ট্যাব চালু, লক-আনলক ও অ্যাপে লগইন",hard,দুটি সিমের মধ্যে কোনটি দিয়ে ইন্টারনেট চলবে তা নির্ধারণ করে পাশাপাশি একাধিক অ্যাপ (মাল্টিটাস্কিং) চালিয়ে দেখান।
"মোবাইল/ট্যাব চালু, লক-আনলক ও অ্যাপে লগইন",hard,একটি নির্দিষ্ট অ্যাপ ফোনের কতটুকু স্টোরেজ/মেমোরি ব্যবহার করেছে তা বের করে দেখান।
গুগল ম্যাপ ব্যবহার,easy,গুগল ম্যাপ খুলে বর্তমান অবস্থান (লাইভ লোকেশন) বের করে দেখান।
গুগল ম্যাপ ব্যবহার,easy,নিজের বাসার ঠিকানা সার্চ করে বের করুন।
গুগল ম্যাপ ব্যবহার,easy,ম্যাপে জুম-ইন/জুম-আউট করে একটি নির্দিষ্ট বাড়ি/রাস্তা শনাক্ত করুন।
গুগল ম্যাপ ব্যবহার,easy,স্যাটেলাইট ভিউ থেকে সাধারণ (ডিফল্ট) ভিউতে পরিবর্তন করে দেখান।
গুগল ম্যাপ ব্যবহার,easy,"আপনি যে কলেজ/প্রতিষ্ঠানে পড়েন, তার অবস্থান ম্যাপে খুঁজে বের করুন।"
গুগল ম্যাপ ব্যবহার,medium,একটি নির্দিষ্ট স্থান পিন করে Save/Label করে সংরক্ষণ করুন।
গুগল ম্যাপ ব্যবহার,medium,দুইটি স্থানের মধ্যে দূরত্ব ও যাতায়াতের সময় বের করুন (হাঁটা ও গাড়ির রুট)।
গুগল ম্যাপ ব্যবহার,medium,একটি লোকেশনের লিংক তৈরি করে হোয়াটসঅ্যাপ/এসএমএসের মাধ্যমে শেয়ার করুন।
গুগল ম্যাপ ব্যবহার,medium,আশেপাশের একটি হাসপাতাল/স্কুল/বাজার খুঁজে বের করে দূরত্ব বলুন।
গুগল ম্যাপ ব্যবহার,medium,একটি নির্দিষ্ট এলাকার অফলাইন ম্যাপ ডাউনলোড করে দেখান।
গুগল ম্যাপ ব্যবহার,medium,আপনার কলেজ থেকে উপজেলা অফিসের দূরত্ব ম্যাপে বের করে বলুন।
গুগল ম্যাপ ব্যবহার,medium,"আপনার বাড়ি যে ইউনিয়নে, তার অবস্থান ম্যাপে দেখিয়ে উপজেলা থেকে দূরত্ব বের করুন।"
গুগল ম্যাপ ব্যবহার,medium,একটি নির্দিষ্ট উপজেলা ম্যাপে খুঁজে বের করুন।
গুগল ম্যাপ ব্যবহার,medium,Location History (লোকেশন হিস্ট্রি) কোথায় সংরক্ষিত থাকে তা দেখান।
গুগল ম্যাপ ব্যবহার,hard,জিপিএস সিগন্যাল দুর্বল দেখালে তা কীভাবে উন্নত করবেন দেখান।
গুগল ম্যাপ ব্যবহার,hard,অফলাইন ডাউনলোড করা ম্যাপ ব্যবহার করে ইন্টারনেট ছাড়া নিজের অবস্থান বের করে দেখান।
গুগল ম্যাপ ব্যবহার,hard,"একটি ঠিকানার GPS কোঅর্ডিনেট (latitude, longitude) বের করে তা কপি করে অন্য একটি অ্যাপে (নোট/মেসেজ) পেস্ট করুন।"
গুগল ম্যাপ ব্যবহার,hard,একাধিক স্টপেজসহ একটি রুট পরিকল্পনা করে দেখান।
গুগল ম্যাপ ব্যবহার,hard,ম্যাপ অ্যাপ ক্র্যাশ করলে বা লোড না হলে আপনি কী পদক্ষেপ নেবেন তা করে দেখান।
গুগল ম্যাপ ব্যবহার,hard,"আপনি এখন যেখানে বসে আছেন তার অক্ষাংশ ও দ্রাঘিমাংশ (Latitude, Longitude) বের করে বলুন।"
গুগল ম্যাপ ব্যবহার,hard,বর্তমান অবস্থান হোয়াটসঅ্যাপে শেয়ার করুন এবং আগামী ৮ ঘণ্টার Live Location শেয়ার করে দেখান।
নমুনা তথ্য সঠিকভাবে অ্যাপে প্রবেশ (ডেটা এন্ট্রি),easy,"প্রদত্ত কাল্পনিক পরিবারের নাম, বয়স, ঠিকানা অ্যাপের ফরমে এন্ট্রি করুন।"
নমুনা তথ্য সঠিকভাবে অ্যাপে প্রবেশ (ডেটা এন্ট্রি),easy,জন্ম তারিখ সঠিক ফরম্যাটে (দিন/মাস/বছর) এন্ট্রি করুন।
নমুনা তথ্য সঠিকভাবে অ্যাপে প্রবেশ (ডেটা এন্ট্রি),easy,ড্রপডাউন থেকে সঠিক পেশা/লিঙ্গ নির্বাচন করে দেখান।
নমুনা তথ্য সঠিকভাবে অ্যাপে প্রবেশ (ডেটা এন্ট্রি),easy,একটি টেক্সট ফিল্ডে বাংলায় সঠিকভাবে টাইপ করে দেখান (যেমন নাম/ঠিকানা)।
নমুনা তথ্য সঠিকভাবে অ্যাপে প্রবেশ (ডেটা এন্ট্রি),easy,Google Form কী তা জানেন? এতে ড্রপডাউন মেনু ও প্লেইন টেক্সট বলতে কী বোঝায় তা ব্যাখ্যা করুন।
নমুনা তথ্য সঠিকভাবে অ্যাপে প্রবেশ (ডেটা এন্ট্রি),medium,এন্ট্রি করা তথ্যের একটি অংশ ইচ্ছাকৃতভাবে ভুল দিয়ে তা সংশোধন (Edit) করে দেখান।
নমুনা তথ্য সঠিকভাবে অ্যাপে প্রবেশ (ডেটা এন্ট্রি),medium,একটি অসম্পূর্ণ ফর্ম Draft আকারে সংরক্ষণ করে পরে আবার খুলে সম্পন্ন করুন।
নমুনা তথ্য সঠিকভাবে অ্যাপে প্রবেশ (ডেটা এন্ট্রি),medium,একাধিক অপশন নির্বাচনযোগ্য (multi-select) প্রশ্নে একাধিক টিক দিয়ে দেখান।
নমুনা তথ্য সঠিকভাবে অ্যাপে প্রবেশ (ডেটা এন্ট্রি),medium,তথ্য এন্ট্রি শেষে সাবমিট করে তা সার্ভারে সিংক হয়েছে কিনা যাচাই করুন।
নমুনা তথ্য সঠিকভাবে অ্যাপে প্রবেশ (ডেটা এন্ট্রি),medium,আগে সাবমিট করা একটি ফর্ম খুঁজে বের করে প্রয়োজনীয় সংশোধন করে দেখান।
নমুনা তথ্য সঠিকভাবে অ্যাপে প্রবেশ (ডেটা এন্ট্রি),medium,একটি নমুনা Google Form খুলে তা পূরণ করে সাবমিট করে দেখান।
নমুনা তথ্য সঠিকভাবে অ্যাপে প্রবেশ (ডেটা এন্ট্রি),medium,জাতীয় পরিচয়পত্র না থাকলে আপনি ফর্মে কীভাবে তথ্য এন্ট্রি করবেন?
নমুনা তথ্য সঠিকভাবে অ্যাপে প্রবেশ (ডেটা এন্ট্রি),hard,একটি শর্তসাপেক্ষ (স্কিপ লজিক) প্রশ্ন সঠিকভাবে পূরণ করে দেখান (যেমন উত্তর 'হ্যাঁ' হলে পরের উপ-প্রশ্ন আসবে)।
নমুনা তথ্য সঠিকভাবে অ্যাপে প্রবেশ (ডেটা এন্ট্রি),hard,জিপিএস/লোকেশন সংযোগ ছাড়া ফর্ম সাবমিট করা যায় কি না পরীক্ষা করুন এবং সমস্যা হলে কী করবেন তা বলুন।
নমুনা তথ্য সঠিকভাবে অ্যাপে প্রবেশ (ডেটা এন্ট্রি),hard,ফর্ম পূরণের মাঝপথে ইন্টারনেট সংযোগ চলে গেলে ডেটা সংরক্ষিত থাকে কিনা যাচাই করুন।
নমুনা তথ্য সঠিকভাবে অ্যাপে প্রবেশ (ডেটা এন্ট্রি),hard,একই বাড়িতে দুইবার এন্ট্রি হয়ে গেলে (Duplicate Entry) আপনি কীভাবে তা শনাক্ত ও সমাধান করবেন?
নমুনা তথ্য সঠিকভাবে অ্যাপে প্রবেশ (ডেটা এন্ট্রি),hard,একটি সম্পূর্ণ ফর্ম যতটা সম্ভব দ্রুত ও নির্ভুলভাবে পূরণ করে দেখান (সময় ধরে)।
গুগল ম্যাপে জিও-ট্যাগিং ও বাড়ির ছবি তোলা ও সংযুক্তকরণ,easy,অ্যাপের ক্যামেরা ব্যবহার করে একটি বাড়ির সামনের ছবি তুলে ফরমে সংযুক্ত করুন।
গুগল ম্যাপে জিও-ট্যাগিং ও বাড়ির ছবি তোলা ও সংযুক্তকরণ,easy,ছবি তোলার সময় ফ্ল্যাশ অন/অফ করে দেখান।
গুগল ম্যাপে জিও-ট্যাগিং ও বাড়ির ছবি তোলা ও সংযুক্তকরণ,easy,একটি ভুলভাবে তোলা ছবি ডিলিট করে পুনরায় সঠিকভাবে তুলুন।
গুগল ম্যাপে জিও-ট্যাগিং ও বাড়ির ছবি তোলা ও সংযুক্তকরণ,easy,ফ্ল্যাশলাইট চালু করে অন্ধকারে একটি ছবি তুলে দেখান।
গুগল ম্যাপে জিও-ট্যাগিং ও বাড়ির ছবি তোলা ও সংযুক্তকরণ,medium,তোলা ছবিতে সঠিক GPS লোকেশন ট্যাগ যুক্ত হয়েছে কিনা যাচাই করে দেখান।
গুগল ম্যাপে জিও-ট্যাগিং ও বাড়ির ছবি তোলা ও সংযুক্তকরণ,medium,একটি বাড়ির একাধিক ছবি (সামনে/পেছনে/পাশ) আলাদা আলাদা ফিল্ডে সংযুক্ত করুন।
গুগল ম্যাপে জিও-ট্যাগিং ও বাড়ির ছবি তোলা ও সংযুক্তকরণ,medium,তোলা ছবির লোকেশন ও বাড়ির প্রকৃত অবস্থান গুগল ম্যাপে মিলিয়ে যাচাই করুন।
গুগল ম্যাপে জিও-ট্যাগিং ও বাড়ির ছবি তোলা ও সংযুক্তকরণ,medium,কম আলোতে/রাতে ছবি তোলার ক্ষেত্রে ফ্ল্যাশ ব্যবহার করে স্পষ্ট ছবি তুলে দেখান।
গুগল ম্যাপে জিও-ট্যাগিং ও বাড়ির ছবি তোলা ও সংযুক্তকরণ,medium,"ক্যামেরা অ্যাপে কী কী পারমিশন (Camera, Location, Storage) চালু আছে তা বের করে দেখান।"
গুগল ম্যাপে জিও-ট্যাগিং ও বাড়ির ছবি তোলা ও সংযুক্তকরণ,hard,লোকেশন বন্ধ অবস্থায় ছবি তোলার চেষ্টা করে সমস্যাটি কীভাবে সমাধান করবেন তা দেখান।
গুগল ম্যাপে জিও-ট্যাগিং ও বাড়ির ছবি তোলা ও সংযুক্তকরণ,hard,দুর্বল ইন্টারনেট সংযোগে ছবি আপলোড আটকে গেলে তা কীভাবে সমাধান করবেন দেখান।
গুগল ম্যাপে জিও-ট্যাগিং ও বাড়ির ছবি তোলা ও সংযুক্তকরণ,hard,অ্যাপ থেকে সরাসরি ছবি তোলার বদলে গ্যালারি থেকে পুরনো ছবি আপলোড করা যায় কিনা যাচাই করুন এবং এটি কেন গ্রহণযোগ্য নয় তা ব্যাখ্যা করুন।
গুগল ম্যাপে জিও-ট্যাগিং ও বাড়ির ছবি তোলা ও সংযুক্তকরণ,hard,ছবি তোলার সময় GPS অ্যাকুরেসি কত মিটার দেখাচ্ছে তা বের করে প্রয়োজনে উন্নত করে দেখান।
জরুরি পরিস্থিতি বা ক্রাইসিস মোকাবেলা সক্ষমতা,easy,ফোনের চার্জ মাত্র ৫% — আপনি কী করবেন?
জরুরি পরিস্থিতি বা ক্রাইসিস মোকাবেলা সক্ষমতা,easy,মোবাইল নেটওয়ার্ক নেই — আপনি কীভাবে কাজ চালিয়ে যাবেন?
জরুরি পরিস্থিতি বা ক্রাইসিস মোকাবেলা সক্ষমতা,easy,হঠাৎ বৃষ্টি শুরু হলে আপনার ফোন/ট্যাব কীভাবে সুরক্ষিত রাখবেন?
জরুরি পরিস্থিতি বা ক্রাইসিস মোকাবেলা সক্ষমতা,medium,GPS/লোকেশন কাজ করছে না — আপনি কী করবেন?
জরুরি পরিস্থিতি বা ক্রাইসিস মোকাবেলা সক্ষমতা,medium,অ্যাপ হঠাৎ ক্র্যাশ করেছে এবং ডেটা Sync হচ্ছে না — আপনি কী করবেন?
জরুরি পরিস্থিতি বা ক্রাইসিস মোকাবেলা সক্ষমতা,medium,রাস্তায় কুকুর বা অন্য পশু তাড়া করলে আপনি কী করবেন?
জরুরি পরিস্থিতি বা ক্রাইসিস মোকাবেলা সক্ষমতা,medium,বাড়ির মালিক রেগে গিয়ে দরজা বন্ধ করে দিলে আপনি কী করবেন? (রোলপ্লে)
জরুরি পরিস্থিতি বা ক্রাইসিস মোকাবেলা সক্ষমতা,medium,দুর্গম এলাকায় কাজ করার সময় আপনার মোবাইল/ট্যাব হারিয়ে গেলে আপনি কী পদক্ষেপ নেবেন?
জরুরি পরিস্থিতি বা ক্রাইসিস মোকাবেলা সক্ষমতা,hard,এলাকায় হঠাৎ সামাজিক বা রাজনৈতিক অস্থিরতা দেখা দিলে আপনি কীভাবে নিরাপদে কাজ চালিয়ে যাবেন বা বন্ধ করবেন?
জরুরি পরিস্থিতি বা ক্রাইসিস মোকাবেলা সক্ষমতা,hard,একজন উত্তরদাতা তথ্য দিতে অস্বীকার করে হুমকি দিলে আপনি কী করবেন?
জরুরি পরিস্থিতি বা ক্রাইসিস মোকাবেলা সক্ষমতা,hard,রাতে ফেরার পথে যানবাহন ও নেটওয়ার্ক কিছুই না পেলে আপনি কীভাবে অফিস/পরিবারের সাথে যোগাযোগ রাখবেন?
জরুরি পরিস্থিতি বা ক্রাইসিস মোকাবেলা সক্ষমতা,hard,সার্ভে করার সময় শারীরিকভাবে হঠাৎ অসুস্থ বোধ করলে আপনি একা কী করবেন?
জরুরি পরিস্থিতি বা ক্রাইসিস মোকাবেলা সক্ষমতা,hard,বন্যা বা দুর্যোগের কারণে নির্ধারিত এলাকায় পৌঁছানো অসম্ভব হলে আপনি কর্তৃপক্ষকে কীভাবে জানাবেন?
ডেটার গুরুত্ব ও তথ্যের নিরাপত্তা বিষয়ক ধারনা,easy,কাজ শেষে অ্যাপ থেকে Logout করে দেখান কেন এটি জরুরি।
ডেটার গুরুত্ব ও তথ্যের নিরাপত্তা বিষয়ক ধারনা,easy,আপনার ট্যাব/মোবাইলের স্ক্রিন লক (পাসওয়ার্ড) কেন গুরুত্বপূর্ণ তা ব্যাখ্যা করুন।
ডেটার গুরুত্ব ও তথ্যের নিরাপত্তা বিষয়ক ধারনা,easy,ব্যক্তিগত ছবি ও জরিপের ছবি আলাদা কীভাবে রাখবেন?
ডেটার গুরুত্ব ও তথ্যের নিরাপত্তা বিষয়ক ধারনা,easy,Google অ্যাকাউন্ট থেকে Sign Out করে দেখান — এটি কেন জরুরি ব্যাখ্যা করুন।
ডেটার গুরুত্ব ও তথ্যের নিরাপত্তা বিষয়ক ধারনা,medium,OTP অন্য কাউকে দেওয়া উচিত কিনা এবং কেন?
ডেটার গুরুত্ব ও তথ্যের নিরাপত্তা বিষয়ক ধারনা,medium,Public Wi-Fi ব্যবহার করা কি নিরাপদ? ব্যাখ্যা করুন।
ডেটার গুরুত্ব ও তথ্যের নিরাপত্তা বিষয়ক ধারনা,medium,অচেনা APK বা অ্যাপ ইনস্টল করা উচিত কিনা ব্যাখ্যা করুন।
ডেটার গুরুত্ব ও তথ্যের নিরাপত্তা বিষয়ক ধারনা,medium,আপনার ট্যাব/মোবাইলের পাসওয়ার্ড অন্য কারো সাথে শেয়ার করা কি ঠিক হবে? কেন?
ডেটার গুরুত্ব ও তথ্যের নিরাপত্তা বিষয়ক ধারনা,medium,"একজন উত্তরদাতা তার ব্যক্তিগত তথ্য (আয়, সম্পদ) দিতে না চাইলে আপনি কীভাবে তাকে গোপনীয়তা সম্পর্কে আশ্বস্ত করবেন?"
ডেটার গুরুত্ব ও তথ্যের নিরাপত্তা বিষয়ক ধারনা,medium,ফ্যামিলি কার্ড পাওয়ার নিশ্চিত প্রতিশ্রুতি দিয়ে মানুষকে তথ্য দিতে রাজি করানো যাবে কি?
ডেটার গুরুত্ব ও তথ্যের নিরাপত্তা বিষয়ক ধারনা,medium,Spam বা ভুয়া SMS কীভাবে চিনবেন তা ব্যাখ্যা করুন।
ডেটার গুরুত্ব ও তথ্যের নিরাপত্তা বিষয়ক ধারনা,medium,একজন দরিদ্র ব্যক্তি বিশেষভাবে অনুরোধ করলে আপনি কি তার তথ্য পরিবর্তন করে দেবেন?
ডেটার গুরুত্ব ও তথ্যের নিরাপত্তা বিষয়ক ধারনা,medium,রাজনৈতিক পরিচয়ের ভিত্তিতে কারো তথ্য পরিবর্তন করা যাবে কি?
ডেটার গুরুত্ব ও তথ্যের নিরাপত্তা বিষয়ক ধারনা,hard,আপনার সংগ্রহ করা তথ্যসহ মোবাইল/ট্যাব হারিয়ে গেলে বা চুরি হয়ে গেলে আপনি কী করবেন?
ডেটার গুরুত্ব ও তথ্যের নিরাপত্তা বিষয়ক ধারনা,hard,"কেউ যদি আপনার কাছে অন্য উত্তরদাতার ব্যক্তিগত তথ্য জানতে চায়, আপনি কী উত্তর দেবেন?"
ডেটার গুরুত্ব ও তথ্যের নিরাপত্তা বিষয়ক ধারনা,hard,কোনো উত্তরদাতার তথ্য ভুল ব্যক্তির কাছে পৌঁছে গেলে তার সম্ভাব্য ক্ষতি সম্পর্কে আপনার ধারণা কী এবং কীভাবে তা প্রতিরোধ করবেন?
ডেটার গুরুত্ব ও তথ্যের নিরাপত্তা বিষয়ক ধারনা,hard,তথ্য জালিয়াতি বা গোপনীয়তা ভঙ্গ করলে আইনগতভাবে আপনার কী পরিণতি হতে পারে বলে আপনি জানেন?
ডেটার গুরুত্ব ও তথ্যের নিরাপত্তা বিষয়ক ধারনা,hard,একজন পরিবারের প্রধান না থাকলে আপনি কী করবেন?
ডেটার গুরুত্ব ও তথ্যের নিরাপত্তা বিষয়ক ধারনা,hard,প্রতিদিন নির্ধারিত সংখ্যক তথ্য সংগ্রহ করতে না পারলে আপনি কী করবেন?
ডেটার গুরুত্ব ও তথ্যের নিরাপত্তা বিষয়ক ধারনা,hard,সময়মতো কাজ শেষ না হলে আপনি কী করবেন?
"আচার, আচরণ ও মৌখিক প্রশ্নোত্তর",easy,আপনার নিজের সম্পর্কে সংক্ষেপে বলুন।
"আচার, আচরণ ও মৌখিক প্রশ্নোত্তর",easy,বাড়িতে ঢোকার আগে আপনি কীভাবে অনুমতি চাইবেন?
"আচার, আচরণ ও মৌখিক প্রশ্নোত্তর",easy,আপনি কেন এই কাজের জন্য নিজেকে উপযুক্ত মনে করেন?
"আচার, আচরণ ও মৌখিক প্রশ্নোত্তর",easy,একটি ছোট বাংলা অনুচ্ছেদ জোরে পড়তে দিন — উচ্চারণ যাচাই করুন।
"আচার, আচরণ ও মৌখিক প্রশ্নোত্তর",easy,নিম্নলিখিত লাইনটি জোরে পড়ুন: 'আপনার তথ্য → আপনার ফ্যামিলি কার্ড → আপনার অধিকার; প্রতিটি পরিবার সমান গুরুত্বপূর্ণ — কেউ বাদ যাবেন না।'
"আচার, আচরণ ও মৌখিক প্রশ্নোত্তর",easy,"নিচের শব্দগুলোর বানান লিখুন: ব্রাহ্মণবাড়িয়া, খ্রিস্টান, স্বর্ণালংকার।"
"আচার, আচরণ ও মৌখিক প্রশ্নোত্তর",medium,নারী উত্তরদাতা বা প্রবীণ ব্যক্তির সাথে কথা বলার সময় আপনি কী বিশেষ খেয়াল রাখবেন?
"আচার, আচরণ ও মৌখিক প্রশ্নোত্তর",medium,একজন উত্তরদাতা রেগে গেলে বা দুর্ব্যবহার করলে আপনি কীভাবে ধৈর্য ধরে পরিস্থিতি সামলাবেন?
"আচার, আচরণ ও মৌখিক প্রশ্নোত্তর",medium,একই প্রশ্ন বারবার করতে হলে আপনি কীভাবে ভদ্রভাবে তা করবেন?
"আচার, আচরণ ও মৌখিক প্রশ্নোত্তর",medium,সাক্ষাৎকার শেষে আপনি কীভাবে উত্তরদাতাকে ধন্যবাদ জানাবেন?
"আচার, আচরণ ও মৌখিক প্রশ্নোত্তর",medium,একই অনুচ্ছেদ থেকে ২-৩ লাইন শ্রুতলিখন (Dictation) করান — বানান যাচাই করুন।
"আচার, আচরণ ও মৌখিক প্রশ্নোত্তর",medium,"নিচের শব্দগুলোর বানান লিখুন: শ্রদ্ধাঞ্জলি, বিজ্ঞান, বুদ্ধি, উজ্জ্বল।"
"আচার, আচরণ ও মৌখিক প্রশ্নোত্তর",medium,নিম্নলিখিত লাইনটি জোরে পড়ে এর অর্থ নিজের ভাষায় ব্যাখ্যা করুন: 'তথ্য সংগ্রহের সময় প্রতিটি পরিবারকে তথ্যের গোপনীয়তার বিষয়ে আইনি নিশ্চয়তা প্রদান করা এবং কোনো প্রকার ভয়-ভীতি প্রদর্শন না করা প্রতিটি শুমারিকর্মীর আবশ্যিক কর্তব্য।'
"আচার, আচরণ ও মৌখিক প্রশ্নোত্তর",hard,কোনো উত্তরদাতা আপনাকে ঘুষ বা উপহার দিতে চাইলে আপনি কী করবেন?
"আচার, আচরণ ও মৌখিক প্রশ্নোত্তর",hard,রাজনৈতিক প্রশ্ন করলে আপনি কীভাবে নিরপেক্ষভাবে উত্তর দেবেন?
"আচার, আচরণ ও মৌখিক প্রশ্নোত্তর",hard,বাড়িতে শোকের পরিবেশ থাকলে আপনি কী করবেন বা কাজ স্থগিত রাখবেন?
"আচার, আচরণ ও মৌখিক প্রশ্নোত্তর",hard,"আপনি যদি কোনো ভুল করেন এবং তা ধরা পড়ে, আপনি কীভাবে তা স্বীকার করবেন ও সংশোধন করবেন?"
"আচার, আচরণ ও মৌখিক প্রশ্নোত্তর",hard,একজন উত্তরদাতা তথ্য গোপন রাখার নিশ্চয়তা চাইলে আপনি বাস্তবে কীভাবে সেই আশ্বাস দেবেন?
"আচার, আচরণ ও মৌখিক প্রশ্নোত্তর",hard,নিম্নলিখিত লাইনটি জোরে পড়ে এর তাৎপর্য ব্যাখ্যা করুন: 'এই নির্দেশিকার বিধান লঙ্ঘন বা অমান্য সরকারি কর্মচারী আচরণ বিধিমালা ১৯৭৯ ও প্রযোজ্য ক্ষেত্রে ফৌজদারি আইনের আওতায় শাস্তিযোগ্য হবে।'
"মোবাইল/ট্যাব চালু, লক-আনলক ও অ্যাপে লগইন",easy,মোবাইল/ট্যাবটি রিস্টার্ট করে আবার চালু করুন।
"মোবাইল/ট্যাব চালু, লক-আনলক ও অ্যাপে লগইন",easy,এয়ারপ্লেন মোড চালু করে ৩০ সেকেন্ড পর বন্ধ করে নেটওয়ার্ক পুনরায় সংযুক্ত করুন।
"মোবাইল/ট্যাব চালু, লক-আনলক ও অ্যাপে লগইন",easy,মোবাইলে বর্তমানে কত জিবি স্টোরেজ খালি আছে তা বের করে দেখান।
"মোবাইল/ট্যাব চালু, লক-আনলক ও অ্যাপে লগইন",medium,নেটওয়ার্ক মোড 2G থেকে 4G/LTE-তে পরিবর্তন করুন।
"মোবাইল/ট্যাব চালু, লক-আনলক ও অ্যাপে লগইন",medium,একটি নতুন ওয়াই-ফাই নেটওয়ার্কে পাসওয়ার্ড দিয়ে সংযুক্ত হয়ে দেখান।
"মোবাইল/ট্যাব চালু, লক-আনলক ও অ্যাপে লগইন",medium,সুপারভাইজার ওয়েব অ্যাপ্লিকেশন/প্যানেলে সঠিকভাবে লগইন করে দেখান।
"মোবাইল/ট্যাব চালু, লক-আনলক ও অ্যাপে লগইন",hard,"মোবাইল রিস্টার্ট দেওয়ার পর অ্যাপ স্বয়ংক্রিয়ভাবে লগইন অবস্থায় আছে কিনা যাচাই করুন, না থাকলে দ্রুত পুনরায় লগইন করে দেখান।"
"মোবাইল/ট্যাব চালু, লক-আনলক ও অ্যাপে লগইন",hard,সেটিংস থেকে অ্যাপের ক্যাশ/ডেটা ক্লিয়ার করেও পুনরায় সঠিকভাবে লগইন করে দেখান।
গুগল ম্যাপ ব্যবহার,easy,গুগল ম্যাপে নিজের বর্তমান অবস্থান বের করে দেখান।
গুগল ম্যাপ ব্যবহার,easy,উপজেলা অফিস বা কোনো একটি সুনির্দিষ্ট স্থাপনার নাম লিখে সার্চ করে বের করুন।
গুগল ম্যাপ ব্যবহার,easy,ম্যাপে একটি পিন ড্রপ করে তা পরে রিমুভ করে দেখান।
গুগল ম্যাপ ব্যবহার,medium,আপনার অধীনস্থ ৯ জন গণনাকারীর (কল্পিত) এলাকা ম্যাপে একে একে চিহ্নিত করে দেখান।
গুগল ম্যাপ ব্যবহার,medium,দুটি গণনা এলাকার মধ্যে দূরত্ব ও যাতায়াতের সময়ের তুলনা করে বলুন কোনটিতে বেশি সময় লাগবে।
গুগল ম্যাপ ব্যবহার,medium,একটি এলাকা জুম করে সেখানে কয়টি বাড়ি/স্থাপনা দেখা যাচ্ছে তা দেখান।
গুগল ম্যাপ ব্যবহার,medium,ম্যাপের কম্পাস ব্যবহার করে উত্তর দিক নির্ণয় করে দেখান।
গুগল ম্যাপ ব্যবহার,hard,"অফলাইন ম্যাপ ডাউনলোড করে রাখার পদ্ধতি দেখান, যাতে নেটওয়ার্কহীন এলাকায়ও গণনাকারীদের এলাকা তদারকি করা যায়।"
গুগল ম্যাপ ব্যবহার,hard,একাধিক গণনা এলাকার মধ্যে সবচেয়ে দূরবর্তী ও কাছের এলাকা চিহ্নিত করে সেই অনুযায়ী কাজের সময়সূচি সাজানোর পরিকল্পনা ব্যাখ্যা করুন।
গুগল ম্যাপ ব্যবহার,hard,GPS সিগন্যাল দুর্বল বা লোকেশন ভুল দেখালে তা যাচাই ও সংশোধনের পদ্ধতি দেখান।
নমুনা তথ্য সঠিকভাবে অ্যাপে প্রবেশ (রি-চেক/যাচাই),easy,"প্রদত্ত একটি নমুনা এন্ট্রিতে পরিবার প্রধানের নাম, বয়স, ঠিকানা সঠিক আছে কিনা দেখে নিন।"
নমুনা তথ্য সঠিকভাবে অ্যাপে প্রবেশ (রি-চেক/যাচাই),easy,ওয়েব প্যানেলে গণনাকারীর জমাকৃত একটি এন্ট্রি খুলে দেখান।
নমুনা তথ্য সঠিকভাবে অ্যাপে প্রবেশ (রি-চেক/যাচাই),easy,একটি এন্ট্রির সারাংশ (Summary) দেখে তথ্য কতটুকু সম্পূর্ণ তা বলুন।
নমুনা তথ্য সঠিকভাবে অ্যাপে প্রবেশ (রি-চেক/যাচাই),easy,Re-check (পুনঃযাচাই) কেন করা হয় তা সংক্ষেপে বলুন।
নমুনা তথ্য সঠিকভাবে অ্যাপে প্রবেশ (রি-চেক/যাচাই),medium,গণনাকারীর জমাকৃত একটি নমুনা তথ্য এন্ট্রি খুলে তা পর্যালোচনা (Review) করে দেখান।
নমুনা তথ্য সঠিকভাবে অ্যাপে প্রবেশ (রি-চেক/যাচাই),medium,একটি ইচ্ছাকৃত ভুল/অসঙ্গতিপূর্ণ তথ্য (যেমন বয়স ও জন্মতারিখে গরমিল) খুঁজে বের করে চিহ্নিত করুন।
নমুনা তথ্য সঠিকভাবে অ্যাপে প্রবেশ (রি-চেক/যাচাই),medium,একটি এন্ট্রি 'সংশোধনের জন্য ফেরত' (Reject/Send back) করার প্রক্রিয়া দেখান।
নমুনা তথ্য সঠিকভাবে অ্যাপে প্রবেশ (রি-চেক/যাচাই),medium,একাধিক গণনাকারীর জমাকৃত তথ্যের অগ্রগতি ড্যাশবোর্ডে কীভাবে দেখা যায় তা দেখান।
নমুনা তথ্য সঠিকভাবে অ্যাপে প্রবেশ (রি-চেক/যাচাই),hard,১০টি এন্ট্রির মধ্যে থেকে নিয়ম অনুযায়ী ৫-১০% (অর্থাৎ ১টি) পরিবার এলোমেলোভাবে বেছে রি-চেক (Re-Check) করার পদ্ধতি ব্যাখ্যা ও প্রদর্শন করুন।
নমুনা তথ্য সঠিকভাবে অ্যাপে প্রবেশ (রি-চেক/যাচাই),hard,মেকার-চেকার (Maker-Checker) পদ্ধতি বলতে কী বোঝায় তা নিজের ভাষায় ব্যাখ্যা করুন।
নমুনা তথ্য সঠিকভাবে অ্যাপে প্রবেশ (রি-চেক/যাচাই),hard,একই বাড়িতে দুইবার এন্ট্রি (Duplicate) হয়ে থাকলে তা কীভাবে শনাক্ত করে সমাধান করবেন?
গুগল ম্যাপে জিও-ট্যাগিং যাচাই ও বাড়ির ছবি,easy,একটি জমাকৃত এন্ট্রির সংযুক্ত ছবি খুলে তা স্পষ্ট কিনা দেখান।
গুগল ম্যাপে জিও-ট্যাগিং যাচাই ও বাড়ির ছবি,easy,একটি এন্ট্রির জিও-ট্যাগ (GPS) ম্যাপে খুলে দেখান।
গুগল ম্যাপে জিও-ট্যাগিং যাচাই ও বাড়ির ছবি,medium,একটি জমাকৃত এন্ট্রির জিও-ট্যাগ সঠিক এলাকার মধ্যে পড়েছে কিনা যাচাই করে দেখান।
গুগল ম্যাপে জিও-ট্যাগিং যাচাই ও বাড়ির ছবি,medium,সংযুক্ত বাড়ির ছবিটি স্পষ্ট ও প্রকৃত বাড়ির কিনা তা যাচাইয়ের পদ্ধতি ব্যাখ্যা করুন।
গুগল ম্যাপে জিও-ট্যাগিং যাচাই ও বাড়ির ছবি,medium,একটি ভবনে একাধিক পরিবার থাকলে প্রতিটির জিও-ট্যাগ একই হওয়া স্বাভাবিক কিনা তা ব্যাখ্যা করুন।
গুগল ম্যাপে জিও-ট্যাগিং যাচাই ও বাড়ির ছবি,hard,ছবি অস্পষ্ট বা GPS লোকেশন ভুল/অসামঞ্জস্যপূর্ণ হলে আপনি কী পদক্ষেপ নেবেন (গণনাকারীকে পুনরায় পাঠানো/নিজে সরেজমিনে যাচাই)?
গুগল ম্যাপে জিও-ট্যাগিং যাচাই ও বাড়ির ছবি,hard,একাধিক এন্ট্রির জিও-ট্যাগ একসাথে ম্যাপে দেখে কোনটি ভুল এলাকায় পড়েছে তা দ্রুত শনাক্ত করে দেখান।
দৈনিক রিপোর্ট প্রদান মানসিকতা ও দক্ষতা,easy,আজকের কাজের লিস্ট অ্যাপে/রেজিস্টারে পূরণ করে সাবমিট করুন।
দৈনিক রিপোর্ট প্রদান মানসিকতা ও দক্ষতা,easy,কতগুলো বাড়ি সার্ভে সম্পন্ন (Complete) ও কতগুলো বাকি (Pending) আছে তা বের করে দেখান।
দৈনিক রিপোর্ট প্রদান মানসিকতা ও দক্ষতা,medium,ছবি ও জিও-ট্যাগসহ সম্পূর্ণ দৈনিক রিপোর্ট জমা দিন।
দৈনিক রিপোর্ট প্রদান মানসিকতা ও দক্ষতা,medium,Sync Status যাচাই করে কোনো Failed Upload থাকলে তা চিহ্নিত করে দেখান।
দৈনিক রিপোর্ট প্রদান মানসিকতা ও দক্ষতা,medium,আজ আপনার দল ৫টি বাড়ি সার্ভে করেছে কিন্তু এলাকায় ইন্টারনেট নেই — আপনি কীভাবে দৈনিক রিপোর্ট জমা দেবেন?
দৈনিক রিপোর্ট প্রদান মানসিকতা ও দক্ষতা,hard,একদিনে লক্ষ্যমাত্রার চেয়ে কম বাড়ি সার্ভে হয়েছে — আপনি রিপোর্টে বিষয়টি কীভাবে উপস্থাপন করবেন ও পরবর্তী পদক্ষেপ কী নেবেন?
দৈনিক রিপোর্ট প্রদান মানসিকতা ও দক্ষতা,hard,একই দিনে একাধিক এলাকা থেকে আসা তথ্য কীভাবে একত্র করে একটি সমন্বিত দৈনিক প্রতিবেদন তৈরি করবেন?
দৈনিক রিপোর্ট প্রদান মানসিকতা ও দক্ষতা,hard,কোনো তথ্য সংগ্রহকারী কাজে ভুল করলে আপনি রিপোর্টে ও তদারকিতে কী পদক্ষেপ নেবেন?
দলনেতৃত্ব ও যোগাযোগ সক্ষমতা,easy,আমি বাড়ির মালিক। আমাকে পরিচয় দিয়ে জরিপ শুরু করুন। (রোলপ্লে)
দলনেতৃত্ব ও যোগাযোগ সক্ষমতা,easy,একজন নতুন গণনাকারীকে অ্যাপ ব্যবহার শেখাতে আপনি কী পদ্ধতি অবলম্বন করবেন?
দলনেতৃত্ব ও যোগাযোগ সক্ষমতা,easy,একজন সহকর্মী কাজে দেরি করছেন — আপনি কী করবেন?
দলনেতৃত্ব ও যোগাযোগ সক্ষমতা,easy,একজন সুপারভাইজারের প্রধান দায়িত্ব কী বলে আপনি মনে করেন?
দলনেতৃত্ব ও যোগাযোগ সক্ষমতা,easy,আপনি তথ্য সংগ্রহকারীদের প্রতিদিন কীভাবে তদারকি করবেন?
দলনেতৃত্ব ও যোগাযোগ সক্ষমতা,medium,আপনার দলের দুইজন সদস্যের মধ্যে কাজ (এলাকা) নিয়ে মতবিরোধ দেখা দিলে আপনি কীভাবে সমাধান করবেন?
দলনেতৃত্ব ও যোগাযোগ সক্ষমতা,medium,একই দিনে একাধিক এলাকায় কাজ ভাগ করে দিতে হলে আপনি কীভাবে পরিকল্পনা করবেন?
দলনেতৃত্ব ও যোগাযোগ সক্ষমতা,medium,আপনার দলের একজন সদস্য কাজে অনিয়মিত — আপনি কীভাবে তাকে অনুপ্রাণিত বা সংশোধন করবেন?
দলনেতৃত্ব ও যোগাযোগ সক্ষমতা,medium,স্থানীয় জনগণ সার্ভেতে সহযোগিতা করতে না চাইলে আপনি দল নিয়ে বিষয়টি কীভাবে সামলাবেন?
দলনেতৃত্ব ও যোগাযোগ সক্ষমতা,hard,একজন গণনাকারী অসুস্থ হয়ে পড়লে তার এলাকার কাজ আপনি কীভাবে সমন্বয় করবেন?
দলনেতৃত্ব ও যোগাযোগ সক্ষমতা,hard,স্থানীয় চেয়ারম্যান বা একজন সাংবাদিক তথ্য জানতে চাইলে আপনি কীভাবে জবাব দেবেন?
দলনেতৃত্ব ও যোগাযোগ সক্ষমতা,hard,দলের কেউ তথ্য জালিয়াতি করছে বলে সন্দেহ হলে আপনি কীভাবে তা যাচাই ও রিপোর্ট করবেন?
জরুরি পরিস্থিতি বা ক্রাইসিস মোকাবেলা সক্ষমতা,easy,সার্ভে করার সময় হঠাৎ ভারী বৃষ্টি শুরু হলে আপনি কী করবেন?
জরুরি পরিস্থিতি বা ক্রাইসিস মোকাবেলা সক্ষমতা,easy,আপনার একজন গণনাকারীর ফোনের চার্জ শেষ হয়ে গেছে মাঠে — আপনি কী করবেন?
জরুরি পরিস্থিতি বা ক্রাইসিস মোকাবেলা সক্ষমতা,medium,আপনার একজন গণনাকারীর ট্যাবলেট চুরি হয়ে গেছে — আপনি তাৎক্ষণিকভাবে কী পদক্ষেপ নেবেন?
জরুরি পরিস্থিতি বা ক্রাইসিস মোকাবেলা সক্ষমতা,medium,একটি পরিবার তথ্য দিতে অস্বীকার করছে এবং গণনাকারী একা সামলাতে পারছেন না — আপনি কীভাবে সহায়তা করবেন?
জরুরি পরিস্থিতি বা ক্রাইসিস মোকাবেলা সক্ষমতা,medium,নেটওয়ার্ক সমস্যার কারণে কয়েকজন গণনাকারীর কয়েক দিনের ডেটা সিঙ্ক হচ্ছে না — আপনি কী পদক্ষেপ নেবেন?
জরুরি পরিস্থিতি বা ক্রাইসিস মোকাবেলা সক্ষমতা,medium,একজন উত্তরদাতা রেগে গিয়ে আপনার সাথে দুর্ব্যবহার করলে আপনি কীভাবে পরিস্থিতি সামলাবেন?
জরুরি পরিস্থিতি বা ক্রাইসিস মোকাবেলা সক্ষমতা,hard,আপনার একটি গণনা এলাকায় হঠাৎ বন্যার পূর্বাভাস এলো — আপনি কী করবেন?
জরুরি পরিস্থিতি বা ক্রাইসিস মোকাবেলা সক্ষমতা,hard,কোনো রাজনৈতিক প্রভাবশালী ব্যক্তি অন্যায়ভাবে কাউকে নিয়োগ বা এলাকা পরিবর্তনের জন্য চাপ দিলে আপনি কী করবেন?
জরুরি পরিস্থিতি বা ক্রাইসিস মোকাবেলা সক্ষমতা,hard,এলাকায় হঠাৎ সামাজিক অস্থিরতা দেখা দিলে আপনি দলের নিরাপত্তা নিশ্চিত করে কীভাবে কাজ চালিয়ে যাবেন বা বন্ধ করবেন?
"আচার, আচরণ ও মৌখিক প্রশ্নোত্তর",easy,প্রার্থীকে নিজের সম্পর্কে ও পূর্ব অভিজ্ঞতা সম্পর্কে সংক্ষেপে বলতে বলুন।
"আচার, আচরণ ও মৌখিক প্রশ্নোত্তর",easy,আপনি কেন মনে করেন এই দায়িত্বের (৯ জন কর্মীর তত্ত্বাবধান) জন্য উপযুক্ত?
"আচার, আচরণ ও মৌখিক প্রশ্নোত্তর",easy,একটি ছোট বাংলা অনুচ্ছেদ জোরে পড়তে দিন — ভাষাগত সাবলীলতা যাচাই।
"আচার, আচরণ ও মৌখিক প্রশ্নোত্তর",medium,আপনার নিজ ইউনিয়ন/ওয়ার্ডের ভৌগোলিক সীমানা ও আশেপাশের এলাকা সম্পর্কে বিস্তারিত বলুন।
"আচার, আচরণ ও মৌখিক প্রশ্নোত্তর",medium,উপরস্থ কর্মকর্তা আপনার কাজে ভুল ধরলে আপনি কীভাবে তা গ্রহণ করবেন?
"আচার, আচরণ ও মৌখিক প্রশ্নোত্তর",medium,আপনার দলের কেউ উত্তরদাতাকে গোপনীয়তার নিশ্চয়তা ঠিকভাবে দিচ্ছে না বলে আপনার নজরে এলে আপনি কীভাবে তা সংশোধন করাবেন?
"আচার, আচরণ ও মৌখিক প্রশ্নোত্তর",medium,টানা ৪৫ দিন সন্ধ্যায় রিপোর্ট তৈরি ও দিনভর মাঠ তদারকি করতে আপনি প্রস্তুত কিনা?
"আচার, আচরণ ও মৌখিক প্রশ্নোত্তর",hard,আপনার অধীনস্থ কোনো কর্মী ঘুষ নিয়েছে বলে প্রমাণ পেলে আপনি কী করবেন?
"আচার, আচরণ ও মৌখিক প্রশ্নোত্তর",hard,গোপনীয়তা ভঙ্গ করলে বা তথ্য জালিয়াতি করলে জড়িতদের বিরুদ্ধে কী ব্যবস্থা নেওয়া যায় তা আপনি জানেন কিনা বলুন।
"আচার, আচরণ ও মৌখিক প্রশ্নোত্তর",hard,একজন গণনাকারী ও একজন উত্তরদাতার মধ্যে বিরোধ একইসাথে সামলাতে হলে আপনি কীভাবে অগ্রাধিকার ঠিক করবেন?
"ইন্টারনেট, Google অ্যাকাউন্ট ও Play Store",easy,Gmail খুলে একটি ইমেইল লিখে পাঠিয়ে দেখান।
"ইন্টারনেট, Google অ্যাকাউন্ট ও Play Store",easy,Play Store থেকে একটি ক্যালকুলেটর অ্যাপ খুঁজে ইনস্টল করে দেখান।
"ইন্টারনেট, Google অ্যাকাউন্ট ও Play Store",easy,ফোনে বর্তমানে ইনস্টল করা অ্যাপের তালিকা বের করে দেখান।
"ইন্টারনেট, Google অ্যাকাউন্ট ও Play Store",medium,Google Drive-এ একটি ছবি Upload করে দেখান।
"ইন্টারনেট, Google অ্যাকাউন্ট ও Play Store",medium,Google Drive থেকে একটি ফাইলের Link তৈরি করে শেয়ার করে দেখান।
"ইন্টারনেট, Google অ্যাকাউন্ট ও Play Store",medium,Google Photos-এ Backup চালু করে দেখান।
"ইন্টারনেট, Google অ্যাকাউন্ট ও Play Store",medium,Play Store থেকে একটি অ্যাপ Uninstall করে দেখান এবং Auto-Update বন্ধ করে দেখান।
"ইন্টারনেট, Google অ্যাকাউন্ট ও Play Store",hard,একটি PDF স্ক্যান করে সরাসরি Google Drive-এ আপলোড করে দেখান।
"ইন্টারনেট, Google অ্যাকাউন্ট ও Play Store",hard,একটি নির্দিষ্ট অ্যাপ কতটুকু স্টোরেজ ব্যবহার করেছে তা বের করে দেখান।
Chrome ব্রাউজার ও ফাইল ম্যানেজমেন্ট,easy,Chrome-এ একটি সরকারি ওয়েবসাইট (যেমন bangladesh.gov.bd) খুলে দেখান।
Chrome ব্রাউজার ও ফাইল ম্যানেজমেন্ট,easy,ফাইল ম্যানেজারে একটি নতুন Folder তৈরি করে দেখান।
Chrome ব্রাউজার ও ফাইল ম্যানেজমেন্ট,medium,Chrome-এর Download History দেখে একটি ব্রাউজিং হিস্ট্রি ক্লিয়ার করে দেখান।
Chrome ব্রাউজার ও ফাইল ম্যানেজমেন্ট,medium,Chrome-এ Incognito Mode চালু করে দেখান।
Chrome ব্রাউজার ও ফাইল ম্যানেজমেন্ট,medium,"একটি File কপি করে অন্য Folder-এ Paste করে দেখান, এবং একটি ফাইল Rename করে দেখান।"
Chrome ব্রাউজার ও ফাইল ম্যানেজমেন্ট,hard,একটি Zip ফাইল Extract করে দেখান।
Chrome ব্রাউজার ও ফাইল ম্যানেজমেন্ট,hard,Chrome দিয়ে একটি PDF ডাউনলোড করে তা WhatsApp-এ শেয়ার করে দেখান।
"QR কোড, WhatsApp ও মোবাইল ব্যাংকিং",easy,QR কোড দেখেছেন কখনো? একটি QR কোড স্ক্যান করে দেখান।
"QR কোড, WhatsApp ও মোবাইল ব্যাংকিং",easy,হোয়াটসঅ্যাপে একটি ছবি পাঠিয়ে দেখান।
"QR কোড, WhatsApp ও মোবাইল ব্যাংকিং",medium,Google Lens দিয়ে কোনো লেখা থেকে টেক্সট কপি করে দেখান।
"QR কোড, WhatsApp ও মোবাইল ব্যাংকিং",medium,হোয়াটসঅ্যাপে একটি Voice Message ও একটি Contact শেয়ার করে দেখান।
"QR কোড, WhatsApp ও মোবাইল ব্যাংকিং",medium,হোয়াটসঅ্যাপে একটি গ্রুপ তৈরি করে দেখান।
"QR কোড, WhatsApp ও মোবাইল ব্যাংকিং",medium,বিকাশ অ্যাপের মাধ্যমে মোবাইল রিচার্জ বা বিদ্যুৎ বিল দেওয়ার পদ্ধতি বলুন।
"QR কোড, WhatsApp ও মোবাইল ব্যাংকিং",hard,QR কোড স্ক্যান করে সেখান থেকে পাওয়া একটি ওয়েবসাইট খুলে দেখান।
"QR কোড, WhatsApp ও মোবাইল ব্যাংকিং",hard,হোয়াটসঅ্যাপে একটি Document (যেমন PDF) শেয়ার করে দেখান।
নিরাপত্তা ও সাধারণ আইসিটি জ্ঞান (বোনাস),easy,ডিভাইসে ফিঙ্গারপ্রিন্ট লক যুক্ত করে দেখান (থাকলে)।
নিরাপত্তা ও সাধারণ আইসিটি জ্ঞান (বোনাস),medium,একটি শক্তিশালী (Strong) পাসওয়ার্ড তৈরি করে দেখান — একটি ভালো পাসওয়ার্ডে কী কী থাকা উচিত?
নিরাপত্তা ও সাধারণ আইসিটি জ্ঞান (বোনাস),medium,Two-Factor Authentication (দ্বি-স্তর যাচাইকরণ) কী তা ব্যাখ্যা করুন।
নিরাপত্তা ও সাধারণ আইসিটি জ্ঞান (বোনাস),medium,Spam/ভুয়া SMS কীভাবে চিনবেন তা ব্যাখ্যা করুন।
নিরাপত্তা ও সাধারণ আইসিটি জ্ঞান (বোনাস),hard,আপনার উপজেলা সদরে কয়টি ইউনিয়ন আছে তা গুগল সার্চ করে বের করে বলুন।
নিরাপত্তা ও সাধারণ আইসিটি জ্ঞান (বোনাস),hard,ফোনের IMEI নম্বর ও Android ভার্সন বের করে দেখান।
